"<strong>Angestellte</strong> <br><br> <span style='font-size:75%'>Angestellte(r) (noun) <br>• <strong class=""headword"">Angestellte(r)</strong></span>"	employees<br><br> <span style='font-size:75%'>Automated translations:<br>• [salaried] employee<br>• white-collar worker</span>
"<strong>knapp</strong> <br><br> <span style='font-size:75%'>knapp (adjective and adverb) <br>• <span class=""full_collocation"">in wenigen <strong class=""tilde"">knappen</strong> Worten</span><br>• <span class=""full_collocation"">in einer <strong class=""tilde"">knappen</strong> Stunde</span><br>• <span class=""grammatical_construction"">
                  <strong class=""tilde"">knapp</strong> sein/werden</span><br>• <span class=""full_collocation"">ein <strong class=""tilde"">knappes</strong> Ergebnis</span><br>• <span class=""full_collocation"">..., aber/und das nicht zu <strong class=""tilde"">knapp!</strong></span> <span class=""style""><acronym title=""informal"">inf</acronym></span><br>• <span class=""full_collocation"">
                  <strong class=""tilde"">knappes</strong> Geld</span><br>• <span class=""example"">er gab ihr nur eine <strong class=""tilde"">knappe</strong> Antwort</span><br>• <span class=""grammatical_construction""><acronym title=""jemandem"">jdm</acronym> zu <strong class=""tilde"">knapp</strong> sein</span><br>• <span class=""full_collocation"">
                  <strong class=""tilde"">knappe</strong> Stellen</span><br>• <span class=""grammatical_construction"">[<acronym title=""jemandem"">jdm</acronym>] zu <strong class=""tilde"">knapp</strong> sein</span><br>• <span class=""grammatical_construction"">[mit <acronym title=""etwas"">etw</acronym> <span class=""case""><acronym title=""dative"">dat</acronym></span>] <strong class=""tilde"">knapp</strong> sein</span><br>• <span class=""full_collocation"">eine <strong class=""tilde"">knappe</strong> Mehrheit</span><br>• <strong class=""headword"">knapp</strong><br>• <span class=""full_collocation"">
                  <strong class=""tilde"">knappe</strong> Vorräte</span><br>• <span class=""full_collocation"">ein <strong class=""tilde"">knapper</strong> Sieg</span></span>"	"almost (precisely a few, less than ungefähr)<br><br> <span style='font-size:75%'>Automated translations:<br>• almost<br>• ..., good and proper! <span class=""region""><acronym title=""British English"" class=""Brit"">Brit</acronym></span> <span class=""style""><acronym title=""informal"">inf</acronym></span><br>• a narrow victory<br>• a narrow  <span class=""target"">[<span class=""or""><acronym title=""or"">or</acronym></span> bare]</span>  
                   <span class=""target"">[<span class=""or""><acronym title=""or"">or</acronym></span> very small]</span>  majority<br>• to be scarce  <span class=""target"">[<span class=""or""><acronym title=""or"">or</acronym></span> in short supply]</span> /to become scarce<br>• scarce jobs<br>• meagre  <span class=""target"">[<span class=""or""><acronym title=""or"">or</acronym></span> scarce]</span>  supplies<br>• tight[-fitting]<br>• in a few brief words<br>• he replied tersely<br>• ..., and how!<br>• succinct<br>• concise<br>• low<br>• to be short [of <acronym title=""something"">sth</acronym>]<br>• a close result<br>• to be too tight for <acronym title=""somebody"">sb</acronym><br>• in just under an hour<br>• tight money<br>• to be too tight [for <acronym title=""somebody"">sb</acronym>]<br>• just enough<br>• meagre <span class=""target"">[<span class=""or""><acronym title=""or"">or</acronym></span> 
               <span class=""region""><acronym title=""American English"" class=""Am"">Am</acronym></span> -er]</span></span>"
"<strong>Weil</strong> <br><br> <span style='font-size:75%'>weil (conjunction) <br>• <span class=""example"">wir kamen zu spät, <strong class=""tilde"">weil</strong> wir im Stau standen</span><br>• <strong class=""headword"">weil</strong></span>"	"while<br><br> <span style='font-size:75%'>Automated translations:<br>• because<br>• as<br>• we arrived late because we were stuck in a traffic jam<br>• cos <span class=""style""><acronym title=""slang"">sl</acronym></span></span>"
"<strong>Voraussetzungen</strong> <br><br> <span style='font-size:75%'>Voraussetzung (noun) <br>• <span class=""example"">der Schluss beruht auf der irrigen <strong class=""tilde"">Voraussetzung</strong>, dass noch genügend Rohstoffe vorhanden sind</span><br>• <span class=""example"">er hat für diesen Job nicht die richtigen <strong class=""tilde"">Voraussetzungen</strong></span><br>• <strong class=""headword"">Voraussetzung</strong><br>• <span class=""full_collocation"">unter der <strong class=""tilde"">Voraussetzung</strong>, dass ...</span><br>• <span class=""full_collocation"">von falschen <strong class=""tilde"">Voraussetzungen</strong> ausgehen</span><br>• <span class=""full_collocation"">unter bestimmten <strong class=""tilde"">Voraussetzungen</strong></span></span>"	prerequisites<br><br> <span style='font-size:75%'>Automated translations:<br>• on condition that ...<br>• premise<br>• he hasn&#39;t got the right qualifications for this job<br>• to begin with a false assumption<br>• under certain conditions<br>• precondition<br>• prerequisite<br>• assumption<br>• this conclusion is based on the false assumption that there are enough available raw materials</span>
lösen	to solve
"<strong>folgenden</strong> <br><br> <span style='font-size:75%'>folgen (intransitive verb) <br>• <span class=""example"">
                  <strong class=""tilde"">folgen</strong> Sie mir unauffällig!</span><br>• <span class=""full_collocation"">einer Anordnung/einem Befehl <strong class=""tilde"">folgen
</strong>               </span><br>• <span class=""grammatical_construction"">es folgt, dass ...</span><br>• <span class=""grammatical_construction""><acronym title=""jemandem"">jdm</acronym>/<acronym title=""etwas"">etw</acronym> <strong class=""tilde"">folgen
</strong>               </span><br>• <span class=""full_collocation""><acronym title=""jemandem"">jdm</acronym>/<acronym title=""etwas"">etw</acronym> <strong class=""tilde"">folgen</strong> können</span><br>• <span class=""example"">es folgt die Ziehung der Lottozahlen</span><br>• <span class=""grammatical_construction"">auf <acronym title=""etwas"">etw</acronym> <span class=""case""><acronym title=""accusative"">acc</acronym></span> 
                  <strong class=""tilde"">folgen
</strong>               </span><br>• <span class=""grammatical_construction"">[<acronym title=""jemandem"">jdm</acronym>] <strong class=""tilde"">folgen
</strong>               </span><br>• <span class=""full_collocation"">wie folgt</span><br>• <span class=""example"">wir werden wie folgt vorgehen</span><br>• <span class=""full_collocation""><acronym title=""jemandes"">jds</acronym> Kurs/einer Politik <strong class=""tilde"">folgen
</strong>               </span><br>• <span class=""full_collocation"">einem Vorschlag <strong class=""tilde"">folgen
</strong>               </span><br>• <span class=""grammatical_construction"">aus <acronym title=""etwas"">etw</acronym> <span class=""case""><acronym title=""dative"">dat</acronym></span> folgt, dass ...</span><br>• <span class=""grammatical_construction""><acronym title=""jemandem"">jdm</acronym> <strong class=""tilde"">folgen
</strong>               </span><br>• <span class=""grammatical_construction"">[auf <acronym title=""etwas"">etw</acronym>/<acronym title=""jemanden"">jdn</acronym>] <strong class=""tilde"">folgen
</strong>               </span><br>• <span class=""grammatical_construction""><acronym title=""etwas"">etw</acronym> <span class=""case""><acronym title=""dative"">dat</acronym></span> 
                  <strong class=""tilde"">folgen
</strong>               </span></span>"	"following<br><br> <span style='font-size:75%'>Automated translations:<br>• to be obedient [to <acronym title=""somebody"">sb</acronym>]<br>• to be able to follow <acronym title=""somebody"">sb</acronym>/<acronym title=""something"">sth</acronym><br>• the lottery draw will follow<br>• to follow <acronym title=""somebody"">sb</acronym>/<acronym title=""something"">sth</acronym><br>• we will proceed as follows<br>• to follow  <span class=""target"">[<span class=""or""><acronym title=""or"">or</acronym></span> obey]</span>  an order<br>• to follow <acronym title=""something"">sth</acronym><br>• it follows that<br>• to come after <acronym title=""something"">sth</acronym><br>• to follow <acronym title=""somebody"">sb</acronym><br>• to act on a suggestion<br>• to follow [<acronym title=""something"">sth</acronym>/<acronym title=""somebody"">sb</acronym>]<br>• as follows<br>• follow me quietly<br>• the consequences of <acronym title=""something"">sth</acronym> are that...<br>• to follow <acronym title=""somebody's"">sb's</acronym> line/pursue a policy</span>"
"<strong>einteilen</strong> <br><br> <span style='font-size:75%'>einteilen (transitive verb) <br>• <span class=""grammatical_construction""><acronym title=""etwas"">etw</acronym> in <acronym title=""etwas"">etw</acronym> <span class=""case""><acronym title=""accusative"">acc</acronym></span> 
                  <strong class=""tilde"">einteilen
</strong>               </span><br>• <span class=""full_collocation"">die Zeit/den Urlaub <strong class=""tilde"">einteilen
</strong>               </span><br>• <span class=""full_collocation"">die Zeit gut <strong class=""tilde"">einteilen
</strong>               </span><br>• <span class=""full_collocation"">sich <span class=""case""><acronym title=""dative"">dat</acronym></span> die Zeit <strong class=""tilde"">einteilen
</strong>               </span><br>• <span class=""example"">ich habe die Pastete in sechs Stücke eingeteilt</span><br>• <span class=""full_collocation"">das Geld <strong class=""tilde"">einteilen
</strong>               </span><br>• <span class=""grammatical_construction""><acronym title=""jemanden"">jdn</acronym> zu <acronym title=""etwas"">etw</acronym> <span class=""case""><acronym title=""dative"">dat</acronym></span> 
                  <strong class=""tilde"">einteilen
</strong>               </span><br>• <span class=""grammatical_construction""><acronym title=""etwas"">etw</acronym> <strong class=""tilde"">einteilen
</strong>               </span><br>• <span class=""grammatical_construction"">[sich <span class=""case""><acronym title=""dative"">dat</acronym></span>] <acronym title=""etwas"">etw</acronym> <strong class=""tilde"">einteilen
</strong>               </span> <span class=""collocator"">Geld, Vorräte, Zeit</span><br>• <span class=""full_collocation"">sich <span class=""case""><acronym title=""dative"">dat</acronym></span> die Arbeit <strong class=""tilde"">einteilen
</strong>               </span><br>• <span class=""example"">die Vorräte müssen so eingeteilt werden, dass sie uns zwei Wochen reichen</span></span>"	"to organize<br><br> <span style='font-size:75%'>Automated translations:<br>• to use one&#39;s time well<br>• to arrange one&#39;s time/holiday<br>• I&#39;ve divided  <span class=""target"">[<span class=""or""><acronym title=""or"">or</acronym></span> cut]</span>  the pie [up] into six pieces<br>• to manage  <span class=""target"">[<span class=""or""><acronym title=""or"">or</acronym></span> organize]</span>  one&#39;s money <span class=""target"">[<span class=""or""><acronym title=""or"">or</acronym></span> finances]</span><br>• to budget<br>• to be careful with <acronym title=""something"">sth</acronym><br>• to make good use of one&#39;s time<br>• to plan  <span class=""target"">[<span class=""or""><acronym title=""or"">or</acronym></span> organize]</span>  
                   <span class=""target"">[<span class=""or""><acronym title=""or"">or</acronym></span> arrange]</span>  one&#39;s time<br>• to arrange  <span class=""target"">[<span class=""or""><acronym title=""or"">or</acronym></span> organize]</span>  one&#39;s work<br>• to divide <acronym title=""something"">sth</acronym> up into <acronym title=""something"">sth</acronym><br>• to plan <acronym title=""something"">sth</acronym> [out]<br>• we&#39;ll have to organize  <span class=""target"">[<span class=""or""><acronym title=""or"">or</acronym></span> divide up]</span>  the supplies so that they last two weeks<br>• to assign <acronym title=""somebody"">sb</acronym> to <acronym title=""something"">sth</acronym></span>"
"<strong>weitgehend</strong> <br><br> <span style='font-size:75%'>weitgehend (adjective and adverb) <br>• <span class=""full_collocation"">
                  <strong class=""tilde"">weitgehende</strong> Übereinstimmung/Unterstützung</span><br>• <strong class=""headword"">weitgehend</strong></span>"	largely<br><br> <span style='font-size:75%'>Automated translations:<br>• far-reaching<br>• extensive agreement/support<br>• extensive</span>
"<strong>Eigenverantwortung</strong> <br><br> <span style='font-size:75%'>Eigenverantwortung (noun) <br>• <span class=""grammatical_construction"">in <strong class=""tilde"">Eigenverantwortung
</strong>               </span><br>• <strong class=""headword"">Eigenverantwortung</strong></span>"	personal responsibility<br><br> <span style='font-size:75%'>Automated translations:<br>• on one&#39;s own authority<br>• personal responsibility<br>• own responsibility<br>• self-responsibility</span>
"<strong>zufrieden</strong> <br><br> <span style='font-size:75%'>zufrieden (adjective and adverb) <br>• <span class=""full_collocation"">ein <strong class=""tilde"">zufriedenes</strong> Lächeln</span><br>• <span class=""full_collocation"">ein <strong class=""tilde"">zufriedener</strong> Kunde</span><br>• <span class=""example"">danke, ich bin sehr <strong class=""tilde"">zufrieden
</strong>               </span><br>• <span class=""example"">danke, ich bin sehr <strong class=""tilde"">zufrieden
</strong>               </span> <span class=""sense"">(glücklich)</span> <span class=""complement"">mit</span> <span class=""object-case"">+<acronym title=""dative"">dat</acronym></span><br>• <strong class=""headword"">zufrieden</strong> <span class=""complement"">mit</span> <span class=""object-case"">+<acronym title=""dative"">dat</acronym></span></span>"	"Satisfied<br><br> <span style='font-size:75%'>Automated translations:<br>• satisfied <span class=""complement"">with</span><br>• a smile of satisfaction<br>• contented <span class=""complement"">with</span><br>• a satisfied customer<br>• thanks, everything&#39;s fine<br>• a satisfied smile<br>• content <span class=""info""><acronym title=""predicative"">pred</acronym></span></span>"
"<strong>Baumwolle, e</strong> <br><br> <span style='font-size:75%'>Baumwolle (noun) <br>• <strong class=""headword"">Baumwolle</strong></span>"	cotton<br><br> <span style='font-size:75%'>Automated translations:<br>• cotton</span>
"<strong>weich</strong> <br><br> <span style='font-size:75%'>weich (adjective and adverb) <br>• <strong class=""headword"">weich</strong><br>• <span class=""full_collocation"">
                  <strong class=""tilde"">weicher</strong> Tourismus</span><br>• <span class=""full_collocation"">
                  <strong class=""tilde"">weiches</strong> Fleisch</span><br>• <span class=""full_collocation"">
                  <strong class=""tilde"">weiche</strong> Gesichtszüge</span><br>• <span class=""full_collocation"">
                  <strong class=""tilde"">weicher</strong> Boykott</span><br>• <span class=""full_collocation"">
                  <strong class=""tilde"">weiche</strong> Drogen</span><br>• <span class=""idiom_proverb"">
                  <strong class=""tilde"">weich</strong> werden</span><br>• <span class=""full_collocation"">ein <strong class=""tilde"">weiches</strong> Ei</span><br>• <span class=""full_collocation"">ein <strong class=""tilde"">weicher</strong> Teppich</span><br>• <span class=""full_collocation"">eine <strong class=""tilde"">weiche</strong> Bremsung</span></span>"	Soft<br><br> <span style='font-size:75%'>Automated translations:<br>• gentle breaking<br>• soft drugs<br>• full features<br>• to weaken<br>• full<br>• a soft carpet<br>• tender meat<br>• passive resistance<br>• a soft-boiled egg<br>• unobtrusive tourism<br>• soft</span>
"<strong>tatsächlich</strong> <br><br> <span style='font-size:75%'>tatsächlich (adjective and adverb) <br>• <strong class=""headword"">tatsächlich</strong> <span class=""topic""><acronym title=""law"">LAW</acronym> <acronym title=""auch"">a.</acronym></span><br>• <strong class=""headword"">tatsächlich</strong> <span class=""sense"">(wirklich)</span><br>• <span class=""example"">der Bericht basiert auf <strong class=""tilde"">tatsächlichen</strong> Begebenheiten</span><br>• <span class=""full_collocation"">
                  <strong class=""tilde"">tatsächliche</strong> Feststellung</span> <span class=""topic""><acronym title=""law"">LAW</acronym></span></span>"	"actually<br><br> <span style='font-size:75%'>Automated translations:<br>• ascertainment of facts<br>• factual<br>• the report is based on actual events<br>• actual <span class=""info""><acronym title=""attributive"">attr</acronym></span><br>• real</span>"
"<strong>Rutsch, r</strong> <br><br> <span style='font-size:75%'>Rutsch (noun) <br>• <strong class=""headword"">Rutsch</strong><br>• <span class=""example"">guten <strong class=""tilde"">Rutsch!</strong></span> <span class=""style""><acronym title=""informal"">inf</acronym></span><br>• <span class=""full_collocation"">in einem <strong class=""tilde"">Rutsch
</strong>               </span> <span class=""rhetoric""><acronym title=""figurative"">fig</acronym></span> <span class=""style""><acronym title=""informal"">inf</acronym></span></span>"	Slide<br><br> <span style='font-size:75%'>Automated translations:<br>• happy New Year!<br>• in one go<br>• landslide</span>
"<strong>Ischias</strong> <br><br> <span style='font-size:75%'>Ischias (noun) <br>• <span class=""full_collocation"">
                  <strong class=""tilde"">Ischias</strong> haben</span><br>• <strong class=""headword"">Ischias</strong></span>"	"sciatica<br><br> <span style='font-size:75%'>Automated translations:<br>• to suffer from sciatica<br>• sciatica <span class=""info"">no <acronym title=""plural"">pl</acronym></span></span>"
"<strong>Entspannung</strong> <br><br> <span style='font-size:75%'>Entspannung (noun) <br>• <strong class=""headword"">Entspannung</strong><br>• <span class=""full_collocation"">zur <strong class=""tilde"">Entspannung
</strong>               </span><br>• <span class=""example"">nach der Arbeit sehe ich zur <strong class=""tilde"">Entspannung</strong> etwas fern</span></span>"	"relaxation<br><br> <span style='font-size:75%'>Automated translations:<br>• easing of  <span class=""target"">[<span class=""or""><acronym title=""or"">or</acronym></span> reduction in]</span>  tension<br>• for relaxation<br>• relaxation<br>• I watch a bit of television to unwind  <span class=""target"">[<span class=""or""><acronym title=""or"">or</acronym></span> 
                     <span class=""region""><acronym title=""besonders"">bes.</acronym> <acronym title=""American English"" class=""Am"">Am</acronym></span> 
                     <span class=""style""><acronym title=""informal"">inf</acronym></span> chill out]</span>  after work</span>"
"<strong>spitz</strong> <br><br> <span style='font-size:75%'>spitz (adjective and adverb) <br>• <strong class=""headword"">spitz</strong> <span class=""collocator"">Winkel</span><br>• <span class=""grammatical_construction"">auf <acronym title=""jemanden"">jdn</acronym>/<acronym title=""etwas"">etw</acronym> <strong class=""tilde"">spitz</strong> sein</span><br>• <strong class=""headword"">spitz</strong><br>• <strong class=""headword"">spitz</strong> <span class=""collocator"">Schuh</span><br>• <span class=""full_collocation""><acronym title=""jemanden"">jdn</acronym> <strong class=""tilde"">spitz</strong> machen</span><br>• <strong class=""headword"">spitz</strong> <span class=""collocator"">Schrei</span><br>• <span class=""full_collocation"">eine <strong class=""tilde"">spitze</strong> Nase/ein <strong class=""tilde"">spitzes</strong> Kinn/Gesicht</span><br>• <span class=""full_collocation"">
                  <strong class=""tilde"">spitze</strong> Klammern</span></span>"	"sharp<br><br> <span style='font-size:75%'>Automated translations:<br>• pinched<br>• curt<br>• angle brackets<br>• keen<br>• to turn <acronym title=""somebody"">sb</acronym> on<br>• a pointy nose/chin/face<br>• drawn<br>• shrill<br>• tapered<br>• sharp<br>• acute<br>• to be keen on <acronym title=""somebody"">sb</acronym>/<acronym title=""something"">sth</acronym> <span class=""target"">[<span class=""or""><acronym title=""or"">or</acronym></span> fancy <acronym title=""somebody"">sb</acronym>/<acronym title=""something"">sth</acronym>]</span><br>• pointed</span>"
"<strong>tun</strong> <br><br> <span style='font-size:75%'>tun (transitive verb) <br>• <span class=""example"">das Radio muss repariert werden — der Techniker tut es nicht unter 100 Euro</span><br>• <span class=""full_collocation"">einen Hopser/Schrei <strong class=""tilde"">tun
</strong>               </span><br>• <span class=""full_collocation"">was sich <strong class=""tilde"">tun</strong> lässt</span><br>• <span class=""example"">keine Angst, der Hund tut Ihnen nichts</span><br>• <span class=""example"">ein Bleistift tut&#39;s auch</span><br>• <span class=""example"">tu, was du nicht lassen kannst</span><br>• <span class=""full_collocation"">
                  <strong class=""tilde"">tun</strong>, was man kann</span><br>• <span class=""full_collocation"">das eine <strong class=""tilde"">tun</strong>, und das andere nicht lassen</span><br>• <span class=""example"">in dieser Angelegenheit wird derzeit einiges von uns getan</span><br>• <span class=""full_collocation"">was <acronym title=""jemand"">jd</acronym> zu <strong class=""tilde"">tun</strong> und zu lassen hat</span><br>• <span class=""example"">was tut die Schere im Kühlschrank?</span> <span class=""style""><acronym title=""informal"">inf</acronym></span><br>• <span class=""grammatical_construction"">es [mit <acronym title=""jemandem"">jdm</acronym>] <strong class=""tilde"">tun
</strong>               </span><br>• <span class=""full_collocation""><acronym title=""etwas"">etw</acronym> nicht unter <acronym title=""etwas"">etw</acronym> <span class=""case""><acronym title=""dative"">dat</acronym></span> 
                  <strong class=""tilde"">tun
</strong>               </span> <span class=""style""><acronym title=""informal"">inf</acronym></span><br>• <span class=""full_collocation""><acronym title=""etwas"">etw</acronym> noch <strong class=""tilde"">tun</strong> müssen</span><br>• <span class=""example"">warum tut denn niemand etwas?</span><br>• <span class=""example"">was tut man nicht alles für seine Nichten und Neffen!</span><br>• <span class=""example"">was tut er nur den ganzen Tag?</span><br>• <span class=""example"">das Sofa tut&#39;s noch ein Weilchen</span><br>• <span class=""example"">ich will sehen, was sich da <strong class=""tilde"">tun</strong> lässt</span><br>• <span class=""grammatical_construction""><acronym title=""etwas"">etw</acronym> irgendwohin <strong class=""tilde"">tun
</strong>               </span><br>• <span class=""full_collocation"">sich <span class=""case""><acronym title=""dative"">dat</acronym></span> <acronym title=""etwas"">etw</acronym> <strong class=""tilde"">tun
</strong>               </span><br>• <span class=""example"">damit ist es [noch] nicht getan</span><br>• <span class=""example"">was sollen wir bloß <strong class=""tilde"">tun?</strong></span><br>• <span class=""full_collocation"">etwas/nichts <strong class=""tilde"">tun
</strong>               </span><br>• <span class=""example"">er tut nichts, als sich zu beklagen</span><br>• <span class=""grammatical_construction"">es noch/nicht mehr <strong class=""tilde"">tun
</strong>               </span><br>• <span class=""example"">was tust du da?</span><br>• <span class=""full_collocation"">noch viel <strong class=""tilde"">tun</strong> müssen</span><br>• <span class=""example"">tut es das?</span><br>• <span class=""example"">dein Hund tut doch hoffentlich nichts?</span><br>• <span class=""example"">was haben sie mit dir getan, dass du so verängstigt bist?</span><br>• <span class=""full_collocation"">einiges/etwas/nichts für <acronym title=""jemanden"">jdn</acronym> <strong class=""tilde"">tun
</strong>               </span><br>• <span class=""full_collocation"">einiges/etwas/nichts für <acronym title=""etwas"">etw</acronym> <span class=""case""><acronym title=""accusative"">acc</acronym></span> 
                  <strong class=""tilde"">tun
</strong>               </span><br>• <span class=""full_collocation"">was <strong class=""tilde"">tun?</strong></span><br>• <span class=""idiom_proverb"">was du nicht willst, dass man dir tu, das füg auch keinem andern zu</span> <span class=""rhetoric""><acronym title=""proverb"">prov</acronym></span><br>• <span class=""full_collocation"">nichts <strong class=""tilde"">tun</strong>, als ...</span> <span class=""style""><acronym title=""informal"">inf</acronym></span><br>• <span class=""example"">was kann ich für Sie <strong class=""tilde"">tun?</strong></span> <span class=""sense"">(im Geschäft)</span><br>• <span class=""example"">tut es dein altes Tonbandgerät eigentlich noch?</span><br>• <span class=""full_collocation""><acronym title=""etwas"">etw</acronym> gegen <acronym title=""etwas"">etw</acronym> <span class=""case""><acronym title=""accusative"">acc</acronym></span> 
                  <strong class=""tilde"">tun
</strong>               </span><br>• <span class=""example"">man tut, was man kann</span><br>• <span class=""example"">was ist zu tun?</span><br>• <span class=""example"">was tut&#39;s</span><br>• <span class=""grammatical_construction"">es [für <acronym title=""etwas"">etw</acronym> <span class=""case""><acronym title=""accusative"">acc</acronym></span>] <strong class=""tilde"">tun
</strong>               </span><br>• <span class=""example"">so etwas tut man nicht!</span><br>• <span class=""full_collocation"">[<acronym title=""jemandem"">jdm</acronym>] etwas/nichts <strong class=""tilde"">tun
</strong>               </span><br>• <span class=""example"">der Arzt kann nichts mehr für ihn <strong class=""tilde"">tun
</strong>               </span><br>• <span class=""example"">du musst etwas für dich <strong class=""tilde"">tun
</strong>               </span><br>• <span class=""example"">ich muss mehr für meine schlanke Linie <strong class=""tilde"">tun
</strong>               </span><br>• <span class=""example"">für heute tut&#39;s das</span><br>• <span class=""example"">was tut man in einer solchen Situation?</span><br>• <span class=""example"">hast du dir was getan?</span><br>• <span class=""full_collocation"">einiges/etwas/nichts <strong class=""tilde"">tun
</strong>               </span><br>• <span class=""full_collocation"">
                  <strong class=""tilde"">tun</strong> und lassen können, was man will</span><br>• <span class=""grammatical_construction""><acronym title=""etwas"">etw</acronym> <strong class=""tilde"">tun
</strong>               </span><br>• <span class=""grammatical_construction""><acronym title=""etwas"">etw</acronym> [für <acronym title=""jemanden"">jdn</acronym>/<acronym title=""etwas"">etw</acronym>] <strong class=""tilde"">tun
</strong>               </span><br>• <span class=""full_collocation""><acronym title=""etwas"">etw</acronym> aus Liebe/Verzweiflung <strong class=""tilde"">tun
</strong>               </span><br>• <span class=""example"">das tut nichts</span><br>• <span class=""grammatical_construction""><acronym title=""etwas"">etw</acronym> mit <acronym title=""jemandem"">jdm</acronym> <strong class=""tilde"">tun
</strong>               </span></span>"	"do<br><br> <span style='font-size:75%'>Automated translations:<br>• I must do more for my figure<br>• a pencil will do<br>• what does it matter?<br>• to hurt oneself<br>• to do <acronym title=""something"">sth</acronym> [for <acronym title=""somebody"">sb</acronym>/<acronym title=""something"">sth</acronym>]<br>• the radio needs repairing — the electrician won&#39;t do it for less than 100 euros<br>• can I help you?<br>• I&#39;ll see what I can do  <span class=""target"">[<span class=""or""><acronym title=""or"">or</acronym></span> can be done]</span>  [about it]<br>• are you all right?<br>• to matter/not to matter<br>• the sofa has a bit more wear in it<br>• to have still got <acronym title=""something"">sth</acronym> to do<br>• that&#39;ll do for today<br>• to jump/cry [out]<br>• what should one do in a situation like this?<br>• what&#39;s to be done?<br>• what have they done to you to make you so frightened?<br>• what is there to be done?<br>• why does nobody act?<br>• to do something/nothing [to <acronym title=""somebody"">sb</acronym>]<br>• to do it [with <acronym title=""somebody"">sb</acronym>] <span class=""style""><acronym title=""slang"">sl</acronym></span><br>• what does he do all day?<br>• what can I do for you?<br>• we&#39;re currently undertaking a number of things in this matter<br>• to do [for <acronym title=""something"">sth</acronym>]<br>• to do what one can<br>• to do <acronym title=""something"">sth</acronym><br>• that isn&#39;t enough<br>• what difference does it make?<br>• you just don&#39;t do things like that!<br>• to do one thing without neglecting the other<br>• is your old tape recorder still working?<br>• your dog won&#39;t bite, will it?<br>• do as you would be done by <span class=""rhetoric""><acronym title=""proverb"">prov</acronym></span><br>• well, if you must<br>• don&#39;t worry, the dog won&#39;t hurt you<br>• the doctor can&#39;t do anything  <span class=""target"">[<span class=""or""><acronym title=""or"">or</acronym></span> can do nothing]</span>  more for him<br>• to put <acronym title=""something"">sth</acronym> somewhere<br>• what can be done<br>• to do as one pleases <span class=""target"">[<span class=""or""><acronym title=""or"">or</acronym></span> likes]</span><br>• to do quite a lot  <span class=""target"">[<span class=""or""><acronym title=""or"">or</acronym></span> bit]</span> /something/nothing for <acronym title=""somebody"">sb</acronym><br>• you need to do something for your health<br>• to do quite a lot  <span class=""target"">[<span class=""or""><acronym title=""or"">or</acronym></span> bit]</span> /something/nothing<br>• to do <acronym title=""something"">sth</acronym> with <acronym title=""somebody"">sb</acronym><br>• to do quite a lot  <span class=""target"">[<span class=""or""><acronym title=""or"">or</acronym></span> bit]</span> /something/nothing for <acronym title=""something"">sth</acronym><br>• to be still working  <span class=""target"">[<span class=""or""><acronym title=""or"">or</acronym></span> going]</span> /broken <span class=""target"">[<span class=""or""><acronym title=""or"">or</acronym></span> 
                  <span class=""style""><acronym title=""slang"">sl</acronym></span> kaput]</span> <span class=""target"">[<span class=""or""><acronym title=""or"">or</acronym></span> 
                  <span class=""style""><acronym title=""informal"">inf</acronym></span> have had it]</span><br>• to do <acronym title=""something"">sth</acronym> out of  <span class=""target"">[<span class=""or""><acronym title=""or"">or</acronym></span> for]</span>  love/desperation<br>• what are you doing [there]?<br>• to do nothing but ...<br>• it doesn&#39;t matter<br>• to do quite a lot  <span class=""target"">[<span class=""or""><acronym title=""or"">or</acronym></span> bit]</span> /something/nothing [for <acronym title=""somebody"">sb</acronym>]<br>• to do <acronym title=""something"">sth</acronym> about <acronym title=""something"">sth</acronym><br>• what <acronym title=""somebody"">sb</acronym> can and can&#39;t  <span class=""target"">[<span class=""or""><acronym title=""or"">or</acronym></span> should and shouldn&#39;t]</span>  do<br>• the things we do for our nephews and nieces!<br>• to not do <acronym title=""something"">sth</acronym> for less than <acronym title=""something"">sth</acronym><br>• one does what one can<br>• whatever shall we do?<br>• what are the scissors doing in the fridge?<br>• he does nothing but complain<br>• to have still got a lot to do<br>• will that do?</span>"
"<strong>tun weh</strong> <br><br> <span style='font-size:75%'>wehtun (transitive verb) <br>• <span class=""grammatical_construction"">sich <span class=""case""><acronym title=""dative"">dat</acronym></span> 
                  <strong class=""tilde"">wehtun
</strong>               </span><br>• <span class=""grammatical_construction""><acronym title=""jemandem"">jdm</acronym>/einem Tier <strong class=""tilde"">wehtun
</strong>               </span></span>"	"to hurt<br><br> <span style='font-size:75%'>Automated translations:<br>• to hurt <acronym title=""somebody"">sb</acronym>/an animal<br>• to hurt oneself</span>"
es tut weh	it hurts
Spezifität	specificity
"<strong>zuletzt</strong> <br><br> <span style='font-size:75%'>zuletzt (adverb) <br>• <span class=""full_collocation"">bis <strong class=""tilde"">zuletzt
</strong>            </span><br>• <span class=""full_collocation"">ganz <strong class=""tilde"">zuletzt
</strong>            </span><br>• <span class=""full_collocation"">
               <strong class=""tilde"">zuletzt</strong> durchs Ziel gehen</span><br>• <span class=""full_collocation"">
               <strong class=""tilde"">zuletzt</strong> eingetroffen</span><br>• <strong class=""headword"">zuletzt</strong><br>• <span class=""full_collocation"">nicht <strong class=""tilde"">zuletzt
</strong>            </span></span>"	"most recently<br><br> <span style='font-size:75%'>Automated translations:<br>• to be the last to arrive<br>• right at the  <span class=""target"">[<span class=""or""><acronym title=""or"">or</acronym></span> at the very]</span>  end<br>• until the end<br>• last<br>• in the end<br>• finally<br>• to finish last<br>• not least [of all]</span>"
"<strong>flach</strong> <br><br> <span style='font-size:75%'>flach (adjective and adverb) <br>• <span class=""full_collocation"">
                  <strong class=""tilde"">flaches</strong> Negativ</span><br>• <strong class=""headword"">flach</strong> <span class=""sense"">(eben, platt)</span><br>• <strong class=""headword"">flach</strong> <span class=""sense"">(nicht steil)</span><br>• <strong class=""headword"">flach</strong><br>• <span class=""full_collocation"">
                  <strong class=""tilde"">flach</strong> liegen</span> <span class=""full_collocation"">[<span class=""or""><acronym title=""oder"">o.</acronym></span> schlafen]</span><br>• <strong class=""headword"">flach</strong> <span class=""sense"">(nicht hoch)</span><br>• <span class=""full_collocation"">sich <span class=""case""><acronym title=""accusative"">acc</acronym></span> 
                  <strong class=""tilde"">flach</strong> hinlegen</span><br>• <span class=""full_collocation"">
                  <strong class=""tilde"">flach</strong> [zu <acronym title=""etwas"">etw</acronym> <span class=""case""><acronym title=""dative"">dat</acronym></span>] abfallen</span><br>• <span class=""full_collocation"">
                  <strong class=""tilde"">flach</strong> atmen</span><br>• <span class=""full_collocation"">
                  <strong class=""tilde"">flache</strong> Gradation</span></span>"	"flat/shallow<br><br> <span style='font-size:75%'>Automated translations:<br>• gentle<br>• low<br>• to slope down gently [into  <span class=""target"">[<span class=""or""><acronym title=""or"">or</acronym></span> towards]</span>  <acronym title=""something"">sth</acronym>]<br>• to sleep without a pillow<br>• to lie [down] flat<br>• shallow<br>• to take shallow breaths<br>• soft gradation<br>• flat<br>• soft negative</span>"
"<strong>dünn</strong> <br><br> <span style='font-size:75%'>dünn (adjective and adverb) <br>• <span class=""full_collocation"">
                  <strong class=""tilde"">dünner</strong> Brei/<strong class=""tilde"">dünne</strong> Suppe</span><br>• <span class=""example"">he, mach dich mal <strong class=""tilde"">dünn</strong>, wir wollen mit dem Schrank da vorbei!</span><br>• <span class=""idiom_proverb"">sich <span class=""case""><acronym title=""accusative"">acc</acronym></span> 
                  <strong class=""tilde"">dünn</strong> machen</span> <span class=""style""><acronym title=""slang"">sl</acronym></span><br>• <span class=""example"">sein Haarwuchs ist schon <strong class=""tilde"">dünn</strong> geworden</span><br>• <span class=""full_collocation"">
                  <strong class=""tilde"">dünnes</strong> Buch</span><br>• <span class=""full_collocation"">
                  <strong class=""tilde"">dünner</strong> Schleier/<strong class=""tilde"">dünne</strong> Strümpfe</span><br>• <span class=""full_collocation"">eine <strong class=""tilde"">dünne</strong> Schneedecke</span><br>• <span class=""example"">wenn du dich ein bisschen <strong class=""tilde"">dünn</strong> machst, passen wir auch noch auf die Bank</span><br>• <span class=""full_collocation"">
                  <strong class=""tilde"">dünnes</strong> Bier</span><br>• <strong class=""headword"">dünn</strong></span>"	"thin<br><br> <span style='font-size:75%'>Automated translations:<br>• hey, breathe in, we want to get past [you] with this cupboard!<br>• if you squeeze up a bit, we&#39;ll [be able to] fit on the bench too<br>• thin  <span class=""target"">[<span class=""or""><acronym title=""or"">or</acronym></span> watery]</span>  pulp/soup<br>• he&#39;s [already] gone a bit thin on top<br>• weak<br>• light covering of snow<br>• weak  <span class=""target"">[<span class=""or""><acronym title=""or"">or</acronym></span> watery]</span>  beer<br>• fine veil/tights<br>• to breathe in<br>• light<br>• slim volume<br>• thin</span>"
"<strong>dick</strong> <br><br> <span style='font-size:75%'>dick (adjective and adverb) <br>• <span class=""example"">in der Firma herrscht heute <strong class=""tilde"">dicke</strong> Luft</span> <span class=""rhetoric""><acronym title=""figurative"">fig</acronym></span> <span class=""style""><acronym title=""informal"">inf</acronym></span><br>• <span class=""full_collocation""><acronym title=""etwas"">etw</acronym> macht [<acronym title=""jemanden"">jdn</acronym>] <strong class=""tilde"">dick
</strong>               </span> <span class=""collocator"">Kleidung</span><br>• <span class=""full_collocation"">
                  <strong class=""tilde"">dick</strong> und fett [<span class=""or""><acronym title=""oder"">o.</acronym></span> rund] sein</span> <span class=""style""><acronym title=""informal"">inf</acronym></span><br>• <span class=""grammatical_construction"">[von <acronym title=""etwas"">etw</acronym> <span class=""case""><acronym title=""dative"">dat</acronym></span>] <strong class=""tilde"">dick</strong> werden</span><br>• <span class=""full_collocation"">eine <strong class=""tilde"">dicke</strong> Zigarre</span> <span class=""style""><acronym title=""informal"">inf</acronym></span><br>• <span class=""idiom_proverb"">eine <strong class=""tilde"">dicke</strong> Brieftasche haben</span> <span class=""style""><acronym title=""informal"">inf</acronym></span><br>• <span class=""full_collocation"">
                  <strong class=""tilde"">dicker</strong> [Baby]bauch</span><br>• <span class=""full_collocation"">eine <strong class=""tilde"">dicke</strong> Limousine</span> <span class=""style""><acronym title=""informal"">inf</acronym></span><br>• <span class=""full_collocation"">ein <strong class=""tilde"">dicker</strong> Tadel/Verweis</span><br>• <span class=""full_collocation"">eine <strong class=""tilde"">dicke</strong> Backe</span><br>• <strong class=""headword"">dick</strong><br>• <span class=""full_collocation""><acronym title=""etwas"">etw</acronym> macht [<acronym title=""jemanden"">jdn</acronym>] <strong class=""tilde"">dick
</strong>               </span> <span class=""collocator"">Speisen, Getränke</span><br>• <span class=""full_collocation"">ein <strong class=""tilde"">dicker</strong> Stoff</span><br>• <span class=""full_collocation"">eine <strong class=""tilde"">dicke</strong> Beule</span><br>• <span class=""example"">die Salbe ist 1 mm <strong class=""tilde"">dick</strong> aufzutragen</span><br>• <span class=""full_collocation"">
                  <strong class=""tilde"">dicke</strong> Freunde</span><br>• <span class=""full_collocation"">ein <strong class=""tilde"">dicker</strong> Baum/Stamm</span><br>• <span class=""full_collocation"">einen <strong class=""tilde"">dicken</strong> Bauch haben</span><br>• <strong class=""headword"">dick</strong> <span class=""collocator"">Körperteile <acronym title=""auch"">a.</acronym></span><br>• <span class=""full_collocation"">ein <strong class=""tilde"">dicker</strong> Band/ein <strong class=""tilde"">dickes</strong> Buch</span><br>• <span class=""full_collocation"">eine <strong class=""tilde"">dicke</strong> Eisdecke</span><br>• <span class=""full_collocation"">
                  <strong class=""tilde"">dick</strong> machen</span> <span class=""collocator"">Speisen, Getränke</span><br>• <span class=""full_collocation"">ein <strong class=""tilde"">dickes</strong> Lob [für <acronym title=""etwas"">etw</acronym> <span class=""case""><acronym title=""accusative"">acc</acronym></span>] bekommen</span><br>• <span class=""idiom_proverb"">sich <span class=""style""><acronym title=""informal"">inf</acronym></span> 
                  <strong class=""tilde"">dick</strong> machen</span> <span class=""sense"">(angeben)</span><br>• <span class=""example"">mach dich nicht so <strong class=""tilde"">dick!</strong></span><br>• <span class=""full_collocation"">
                  <strong class=""tilde"">dicker</strong> Nebel/Rauch</span><br>• <span class=""full_collocation"">eine 7 Meter <strong class=""tilde"">dicke</strong> Schicht</span><br>• <span class=""idiom_proverb"">mit <acronym title=""jemandem"">jdm</acronym> durch <strong class=""tilde"">dick</strong> und dünn gehen</span><br>• <span class=""full_collocation"">
                  <strong class=""tilde"">dicke</strong> Luft</span> <span class=""rhetoric""><acronym title=""figurative"">fig</acronym></span> <span class=""style""><acronym title=""informal"">inf</acronym></span><br>• <span class=""idiom_proverb"">sich <span class=""style""><acronym title=""informal"">inf</acronym></span> 
                  <strong class=""tilde"">dick</strong> machen</span> <span class=""sense"">(viel Platz einnehmen)</span><br>• <span class=""full_collocation"">eine <strong class=""tilde"">dicke</strong> Belohnung</span> <span class=""style""><acronym title=""informal"">inf</acronym></span><br>• <span class=""full_collocation"">ein <strong class=""tilde"">dickes</strong> Bündel Banknoten</span> <span class=""style""><acronym title=""informal"">inf</acronym></span><br>• <span class=""full_collocation"">eine <strong class=""tilde"">dicke</strong> Soße</span><br>• <span class=""full_collocation"">
                  <strong class=""tilde"">dicke</strong> Backen/Wangen</span><br>• <span class=""full_collocation"">
                  <strong class=""tilde"">dicke</strong> Luft</span><br>• <span class=""full_collocation"">
                  <strong class=""tilde"">dicke</strong> Tränen vergießen</span> <span class=""rhetoric""><acronym title=""figurative"">fig</acronym></span><br>• <strong class=""headword"">dick</strong> <span class=""collocator"">person <acronym title=""auch"">a.</acronym></span></span>"	"thick<br><br> <span style='font-size:75%'>Automated translations:<br>• to spread oneself out<br>• to have a fat  <span class=""target"">[<span class=""or""><acronym title=""or"">or</acronym></span> big]</span>  belly<br>• to be fattening<br>• to put on weight [from <acronym title=""something"">sth</acronym>]<br>• a thick volume/book<br>• a heavy fabric<br>• thick air<br>• to go through thick and thin with <acronym title=""somebody"">sb</acronym><br>• a thick sauce<br>• close<br>• a big lump<br>• swollen<br>• tense  <span class=""target"">[<span class=""or""><acronym title=""or"">or</acronym></span> bad]</span>  atmosphere<br>• thick <span class=""rhetoric""><acronym title=""auch"">a.</acronym> <acronym title=""figurative"">fig</acronym></span><br>• a fat  <span class=""target"">[<span class=""or""><acronym title=""or"">or</acronym></span> thick]</span>  
                   <span class=""target"">[<span class=""or""><acronym title=""or"">or</acronym></span> big]</span>  bundle of bank notes<br>• there&#39;s a tense atmosphere at work today<br>• to have a fat wallet <span class=""style""><acronym title=""informal"">inf</acronym></span><br>• a swollen cheek<br>• <acronym title=""something"">sth</acronym> is fattening<br>• a big limousine<br>• you have to spread the ointment 1 mm thick<br>• <acronym title=""something"">sth</acronym> makes <acronym title=""somebody"">sb</acronym> look fat<br>• big belly<br>• corpulent <span class=""style""><acronym title=""formal language"">form</acronym></span><br>• to be round and fat<br>• to get fat [from <acronym title=""something"">sth</acronym>]<br>• a 7 metres thick layer <span class=""target"">[<span class=""or""><acronym title=""or"">or</acronym></span> a layer 7 metres thick]</span><br>• fat<br>• close friends<br>• chubby cheeks<br>• a big  <span class=""target"">[<span class=""or""><acronym title=""or"">or</acronym></span> 
                     <span class=""style""><acronym title=""informal"">inf</acronym></span> fat]</span>  cigar<br>• <acronym title=""something"">sth</acronym> makes [<acronym title=""somebody"">sb</acronym>] fat<br>• dense  <span class=""target"">[<span class=""or""><acronym title=""or"">or</acronym></span> thick]</span>  fog/smoke<br>• a thick tree/trunk<br>• thick<br>• to puff oneself up<br>• a big fat reward <span class=""style""><acronym title=""informal"">inf</acronym></span><br>• to shed large tears<br>• to be praised highly  <span class=""target"">[<span class=""or""><acronym title=""or"">or</acronym></span> to the high heavens]</span>  [for <acronym title=""something"">sth</acronym>]<br>• a severe  <span class=""target"">[<span class=""or""><acronym title=""or"">or</acronym></span> sharp]</span>  reprimand<br>• a thick ice layer<br>• big<br>• don&#39;t take so much space!<br>• stout <span class=""region""><acronym title=""British English"" class=""Brit"">Brit</acronym></span></span>"
"<strong>glatt</strong> <br><br> <span style='font-size:75%'>glatt (adjective and adverb) <br>• <strong class=""headword"">glatt</strong> <span class=""collocator"">Straße, Weg</span><br>• <span class=""full_collocation""><acronym title=""etwas"">etw</acronym> <strong class=""tilde"">glatt</strong> hobeln/schmirgeln</span><br>• <strong class=""headword"">glatt</strong> <span class=""collocator"">Fisch</span><br>• <span class=""full_collocation"">eine <strong class=""tilde"">glatte</strong> Eins/Fünf [schreiben]</span> <span class=""topic""><acronym title=""school, education"">SCHOOL</acronym></span><br>• <span class=""full_collocation""><acronym title=""etwas"">etw</acronym> <strong class=""tilde"">glatt</strong> schleifen</span><br>• <span class=""full_collocation""><acronym title=""etwas"">etw</acronym> <strong class=""tilde"">glatt</strong> walzen</span><br>• <strong class=""headword"">glatt</strong><br>• <span class=""full_collocation"">
                  <strong class=""tilde"">glatt</strong> rechts stricken</span><br>• <span class=""full_collocation"">eine <strong class=""tilde"">glatte</strong> Landung</span><br>• <span class=""full_collocation"">ein <strong class=""tilde"">glatter</strong> Bruch</span> <span class=""topic""><acronym title=""medicine"">MED</acronym></span><br>• <span class=""full_collocation"">eine <strong class=""tilde"">glatte</strong> Lüge</span><br>• <span class=""full_collocation""><acronym title=""etwas"">etw</acronym> <strong class=""tilde"">glatt</strong> bügeln</span><br>• <span class=""full_collocation"">sich <span class=""case""><acronym title=""dative"">dat</acronym></span> die Haare <strong class=""tilde"">glatt</strong> streichen</span><br>• <span class=""full_collocation"">ein <strong class=""tilde"">glattes</strong> Gesicht</span><br>• <span class=""full_collocation""><acronym title=""etwas"">etw</acronym> <strong class=""tilde"">glatt</strong> streichen</span><br>• <span class=""full_collocation"">
                  <strong class=""tilde"">glatte</strong> See</span><br>• <strong class=""headword"">glatt</strong> <span class=""collocator"">Fläche, Haut</span><br>• <span class=""full_collocation"">
                  <strong class=""tilde"">glatter</strong> Unsinn</span><br>• <span class=""full_collocation"">
                  <strong class=""tilde"">glatt</strong> rasiert</span><br>• <span class=""full_collocation""><acronym title=""etwas"">etw</acronym> <strong class=""tilde"">glatt</strong> feilen</span><br>• <span class=""full_collocation""><acronym title=""etwas"">etw</acronym> <strong class=""tilde"">glatt</strong> rühren</span><br>• <span class=""full_collocation""><acronym title=""etwas"">etw</acronym> <strong class=""tilde"">glatt</strong> ziehen</span> <span class=""collocator"">Betttuch <acronym title=""auch"">a.</acronym></span><br>• <span class=""full_collocation"">
                  <strong class=""tilde"">glatt</strong> aufgehen</span> <span class=""collocator"">Rechnung</span><br>• <span class=""full_collocation""><acronym title=""etwas"">etw</acronym> <strong class=""tilde"">glatt</strong> stoßen</span> <span class=""collocator"">Papier</span><br>• <span class=""full_collocation"">
                  <strong class=""tilde"">glatt</strong> kämmen</span><br>• <span class=""full_collocation"">
                  <strong class=""tilde"">glatter</strong> Satz</span><br>• <span class=""full_collocation"">
                  <strong class=""tilde"">glatt</strong> pürieren</span><br>• <span class=""full_collocation"">
                  <strong class=""tilde"">glatter</strong> Stoff</span><br>• <span class=""full_collocation""><acronym title=""etwas"">etw</acronym> <strong class=""tilde"">glatt</strong> ziehen</span><br>• <span class=""full_collocation"">
                  <strong class=""tilde"">glattes</strong> Haar</span></span>"	"Smooth<br><br> <span style='font-size:75%'>Automated translations:<br>• to straighten [out] <acronym title=""something"">sth</acronym><br>• a downright  <span class=""target"">[<span class=""or""><acronym title=""or"">or</acronym></span> blatant]</span>  
                   <span class=""target"">[<span class=""or""><acronym title=""or"">or</acronym></span> barefaced]</span>  lie<br>• to plane down/sand down <acronym title=""something"">sth</acronym><br>• smooth<br>• to iron [out  <span class=""info""><acronym title=""separable"">sep</acronym></span>] <acronym title=""something"">sth</acronym><br>• body  <span class=""target"">[<span class=""or""><acronym title=""or"">or</acronym></span> straight]</span>  matter<br>• to grind <acronym title=""something"">sth</acronym> smooth<br>• calm  <span class=""target"">[<span class=""or""><acronym title=""or"">or</acronym></span> smooth]</span>  
                   <span class=""target"">[<span class=""or""><acronym title=""or"">or</acronym></span> unruffled]</span>  sea<br>• to puree <acronym title=""something"">sth</acronym> until smooth<br>• to iron <acronym title=""something"">sth</acronym> smooth<br>• uncreased fabric<br>• a smooth landing<br>• outright<br>• to jog  <span class=""target"">[<span class=""or""><acronym title=""or"">or</acronym></span> 
                     <span class=""info""><acronym title=""separable"">sep</acronym></span> knock up]</span>  <acronym title=""something"">sth</acronym><br>• to knit stockinette stitch <span class=""region""><acronym title=""besonders"">bes.</acronym> <acronym title=""American English"" class=""Am"">Am</acronym></span><br>• to smooth  <span class=""target"">[<span class=""or""><acronym title=""or"">or</acronym></span> pat]</span>  down one&#39;s hair <span class=""info""><acronym title=""separable"">sep</acronym></span><br>• to brush smooth<br>• sheer  <span class=""target"">[<span class=""or""><acronym title=""or"">or</acronym></span> utter]</span>  nonsense<br>• clean-shaven<br>• to file <acronym title=""something"">sth</acronym> smooth<br>• to work out exactly<br>• slick<br>• [to get] an A/E <span class=""region""><acronym title=""British English"" class=""Brit"">Brit</acronym></span> <span class=""target"">[<span class=""or""><acronym title=""or"">or</acronym></span> 
                  <span class=""region""><acronym title=""American English"" class=""Am"">Am</acronym></span> an A/F]</span><br>• icey<br>• a clean break<br>• to smooth out <acronym title=""something"">sth</acronym><br>• to smooth out <acronym title=""something"">sth</acronym> <span class=""info""><acronym title=""separable"">sep</acronym></span><br>• sheer<br>• straight hair<br>• to knit stocking stitch<br>• to flatten <acronym title=""something"">sth</acronym><br>• an unlined face<br>• to stir <acronym title=""something"">sth</acronym> until smooth<br>• slippery<br>• merry<br>• jolly</span>"
"<strong>rau</strong> <br><br> <span style='font-size:75%'>rau (adjective and adverb) <br>• <span class=""full_collocation"">
                  <strong class=""tilde"">raue</strong> Lippen</span><br>• <strong class=""headword"">rau</strong><br>• <span class=""full_collocation"">
                  <strong class=""tilde"">raue</strong> Hände/Haut/<strong class=""tilde"">rauer</strong> Stoff</span><br>• <span class=""full_collocation"">eine <strong class=""tilde"">raue</strong> Stimme</span><br>• <span class=""full_collocation"">
                  <strong class=""tilde"">raues</strong> Benehmen/<strong class=""tilde"">raue</strong> Sitten</span><br>• <span class=""full_collocation"">eine <strong class=""tilde"">raue</strong> Gegend</span></span>"	"rough<br><br> <span style='font-size:75%'>Automated translations:<br>• chapped lips<br>• sore<br>• harsh<br>• a hoarse  <span class=""target"">[<span class=""or""><acronym title=""or"">or</acronym></span> husky]</span>  voice<br>• rough hands/skin/material<br>• uncouth behaviour  <span class=""target"">[<span class=""or""><acronym title=""or"">or</acronym></span> 
                     <span class=""region""><acronym title=""American English"" class=""Am"">Am</acronym></span> -or]</span> /manners<br>• rough<br>• raw<br>• a bleak  <span class=""target"">[<span class=""or""><acronym title=""or"">or</acronym></span> an inhospitable]</span>  region</span>"
"<strong>empfindlich</strong> <br><br> <span style='font-size:75%'>empfindlich (adjective and adverb) <br>• <strong class=""headword"">empfindlich</strong> <span class=""sense"">(reizbar)</span><br>• <span class=""full_collocation""><acronym title=""jemanden"">jdn</acronym> an seiner <strong class=""tilde"">empfindlichen</strong> Stelle treffen</span><br>• <strong class=""headword"">empfindlich</strong> <span class=""collocator"">Gesundheit</span><br>• <span class=""full_collocation"">
                  <strong class=""tilde"">empfindlicher</strong> Film</span><br>• <strong class=""headword"">empfindlich</strong><br>• <span class=""full_collocation"">
                  <strong class=""tilde"">empfindliche</strong> Haut</span><br>• <span class=""full_collocation"">
                  <strong class=""tilde"">empfindlich</strong> gegen Kälte</span><br>• <span class=""example"">in dieser Gelegenheit ist sie sehr <strong class=""tilde"">empfindlich
</strong>               </span><br>• <strong class=""headword"">empfindlich</strong> <span class=""complement"">gegen</span> <span class=""object-case"">+<acronym title=""accusative"">acc</acronym></span></span>"	"Sensitive/delicate<br><br> <span style='font-size:75%'>Automated translations:<br>• oversensitive<br>• sensitive to cold<br>• film with high light sensitivity<br>• delicate  <span class=""target"">[<span class=""or""><acronym title=""or"">or</acronym></span> sensitive]</span>  skin<br>• higher speed film<br>• touchy<br>• sensitive <span class=""complement"">to</span><br>• she&#39;s very touchy in this matter<br>• delicate<br>• to touch <acronym title=""somebody's"">sb's</acronym> sore spot<br>• sensitive</span>"
"<strong>zerbrechlich</strong> <br><br> <span style='font-size:75%'>zerbrechlich (adjective and adverb) <br>• <span class=""example"">Vorsicht, <strong class=""tilde"">zerbrechlich
</strong>            </span><br>• <strong class=""headword"">zerbrechlich</strong></span>"	fragile<br><br> <span style='font-size:75%'>Automated translations:<br>• fragile<br>• fragile, handle with care<br>• frail</span>
"<strong>stabil</strong> <br><br> <span style='font-size:75%'>stabil (adjective and adverb) <br>• <span class=""full_collocation"">
               <strong class=""tilde"">stabile</strong> Gesundheit/Konstitution</span><br>• <strong class=""headword"">stabil</strong></span>"	sturdy/stable<br><br> <span style='font-size:75%'>Automated translations:<br>• steady<br>• sturdy<br>• sound health/constitution<br>• stable</span>
"<strong>eckig</strong> <br><br> <span style='font-size:75%'>eckig (adjective and adverb) <br>• <strong class=""headword"">eckig</strong> <span class=""sense"">(verwinkelt)</span><br>• <span class=""full_collocation"">ein <strong class=""tilde"">eckiges</strong> Gesicht</span><br>• <span class=""full_collocation"">mit <strong class=""tilde"">eckigen</strong> Bewegungen gehen</span><br>• <strong class=""headword"">eckig</strong></span>"	"Square, angular<br><br> <span style='font-size:75%'>Automated translations:<br>• to walk jerkily <span class=""target"">[<span class=""or""><acronym title=""or"">or</acronym></span> with a jerk]</span><br>• an angular face<br>• square<br>• rough<br>• jerky<br>• angular</span>"
"<strong>platzsparend</strong> <br><br> <span style='font-size:75%'>raumsparend (adjective and adverb) <br>• <strong class=""headword"">raumsparend</strong></span>"	"Compact/space-saving<br><br> <span style='font-size:75%'>Automated translations:<br>• space-saving <span class=""info""><acronym title=""attributive"">attr</acronym></span></span>"
"<strong>sperrig</strong> <br><br> <span style='font-size:75%'>sperrig (adjective and adverb) <br>• <strong class=""headword"">sperrig</strong></span>"	large/bulky<br><br> <span style='font-size:75%'>Automated translations:<br>• bulky<br>• unwieldy<br>• uncooperative</span>
Ich bin genauso wie du	I am just like you!
Mir geht es genauso wie dir	It goes for me just like it does for you.
"<strong>gebraucht</strong> <br><br> <span style='font-size:75%'>gebraucht (adjective and adverb) <br>• <strong class=""headword"">gebraucht</strong></span>"	second-hand/used<br><br> <span style='font-size:75%'>Automated translations:<br>• second-hand</span>
es kommt nicht oft vor	it doesn't happen often
Sie hatten in der zeit	Stood the test of time
Einselkind	only child
"<strong>übertragen</strong> <br><br> <span style='font-size:75%'>übertragen (transitive verb) <br>• <span class=""grammatical_construction""><acronym title=""etwas"">etw</acronym> in <acronym title=""etwas"">etw</acronym> <span class=""case""><acronym title=""accusative"">acc</acronym></span> 
                  <strong class=""tilde"">übertragen
</strong>               </span><br>• <span class=""grammatical_construction""><acronym title=""etwas"">etw</acronym> [auf <acronym title=""jemanden"">jdn</acronym>] <strong class=""tilde"">übertragen
</strong>               </span><br>• <span class=""grammatical_construction""><acronym title=""jemandem"">jdm</acronym> ein Recht <strong class=""tilde"">übertragen
</strong>               </span><br>• <span class=""grammatical_construction""><acronym title=""jemandem"">jdm</acronym> die Verantwortung <strong class=""tilde"">übertragen
</strong>               </span><br>• <span class=""grammatical_construction""><acronym title=""jemandem"">jdm</acronym> <acronym title=""etwas"">etw</acronym> <strong class=""tilde"">übertragen
</strong>               </span><br>• <span class=""grammatical_construction""><acronym title=""etwas"">etw</acronym> <strong class=""tilde"">übertragen
</strong>               </span><br>• <span class=""grammatical_construction""><acronym title=""etwas"">etw</acronym> auf <acronym title=""etwas"">etw</acronym> <span class=""case""><acronym title=""accusative"">acc</acronym></span>/in <acronym title=""etwas"">etw</acronym> <span class=""case""><acronym title=""accusative"">acc</acronym></span> 
                  <strong class=""tilde"">übertragen
</strong>               </span><br>• <span class=""grammatical_construction""><acronym title=""etwas"">etw</acronym> aus <acronym title=""etwas"">etw</acronym> <span class=""case""><acronym title=""dative"">dat</acronym></span> 
                  <strong class=""tilde"">übertragen
</strong>               </span><br>• <span class=""grammatical_construction""><acronym title=""etwas"">etw</acronym> wird von <acronym title=""jemandem"">jdm</acronym>/dem Tier auf <acronym title=""jemanden"">jdn</acronym>/das Tier <strong class=""tilde"">übertragen
</strong>               </span><br>• <span class=""full_collocation""><acronym title=""etwas"">etw</acronym> auf eine Kassette <strong class=""tilde"">übertragen
</strong>               </span><br>• <span class=""full_collocation""><acronym title=""etwas"">etw</acronym> wortwörtlich <strong class=""tilde"">übertragen
</strong>               </span><br>• <span class=""grammatical_construction""><acronym title=""jemandem"">jdm</acronym> <acronym title=""etwas"">etw</acronym> <strong class=""tilde"">übertragen
</strong>               </span> <span class=""grammatical_construction""><acronym title=""etwas"">etw</acronym> auf <acronym title=""jemanden"">jdn</acronym>  <strong class=""tilde"">übertragen
</strong>               </span><br>• <span class=""grammatical_construction""><acronym title=""etwas"">etw</acronym> auf <acronym title=""etwas"">etw</acronym> <span class=""case""><acronym title=""accusative"">acc</acronym></span> 
                  <strong class=""tilde"">übertragen
</strong>               </span></span>"	"pass on/transmit<br><br> <span style='font-size:75%'>Automated translations:<br>• to do a literal translation of <acronym title=""something"">sth</acronym><br>• to translate  <span class=""target"">[<span class=""or""><acronym title=""or"">or</acronym></span> 
                     <span class=""style""><acronym title=""formal language"">form</acronym></span> render]</span>  <acronym title=""something"">sth</acronym> from <acronym title=""something"">sth</acronym><br>• to entrust <acronym title=""somebody"">sb</acronym> with the responsibility<br>• to apply <acronym title=""something"">sth</acronym> to <acronym title=""something"">sth</acronym><br>• to translate <acronym title=""something"">sth</acronym><br>• to transfer <acronym title=""something"">sth</acronym> to/into <acronym title=""something"">sth</acronym><br>• to communicate  <span class=""target"">[<span class=""or""><acronym title=""or"">or</acronym></span> 
                     <span class=""style""><acronym title=""formal language"">form</acronym></span> pass on <span class=""info""><acronym title=""separable"">sep</acronym></span>]</span>  <acronym title=""something"">sth</acronym> [to <acronym title=""somebody"">sb</acronym>]<br>• to translate  <span class=""target"">[<span class=""or""><acronym title=""or"">or</acronym></span> 
                     <span class=""style""><acronym title=""formal language"">form</acronym></span> render]</span>  <acronym title=""something"">sth</acronym> into <acronym title=""something"">sth</acronym><br>• to vest <acronym title=""somebody"">sb</acronym> with <acronym title=""something"">sth</acronym> <span class=""style""><acronym title=""formal language"">form</acronym></span><br>• to transfer <acronym title=""something"">sth</acronym> to <acronym title=""somebody"">sb</acronym><br>• to tape <acronym title=""something"">sth</acronym><br>• to broadcast <acronym title=""something"">sth</acronym><br>• to record <acronym title=""something"">sth</acronym> on <acronym title=""something"">sth</acronym><br>• to assign <acronym title=""somebody"">sb</acronym> a right<br>• to record <acronym title=""something"">sth</acronym> on tape <span class=""target"">[<span class=""or""><acronym title=""or"">or</acronym></span> cassette]</span><br>• to transfer a right to <acronym title=""somebody"">sb</acronym><br>• to transmit  <span class=""target"">[<span class=""or""><acronym title=""or"">or</acronym></span> transfer]</span>  <acronym title=""something"">sth</acronym> to <acronym title=""something"">sth</acronym><br>• <acronym title=""something"">sth</acronym> is communicated  <span class=""style""><acronym title=""formal language"">form</acronym></span>  
                   <span class=""target"">[<span class=""or""><acronym title=""or"">or</acronym></span> passed on]</span>  from <acronym title=""somebody"">sb</acronym>/animal to <acronym title=""somebody"">sb</acronym>/animal<br>• to translate <acronym title=""something"">sth</acronym> word for word</span>"
"<strong>woraus</strong> <br><br> <span style='font-size:75%'>woraus (adverb) <br>• <strong class=""headword"">woraus</strong><br>• <span class=""example"">
                  <strong class=""tilde"">woraus</strong> auch immer dieses Gehäuse gefertigt ist, es ist sehr stabil</span><br>• <span class=""example"">
                  <strong class=""tilde"">woraus</strong> bestehen Rubine?</span><br>• <span class=""example"">
                  <strong class=""tilde"">woraus</strong> haben Sie das entnommen?</span><br>• <span class=""example"">es gab gewisse Anzeichen, <strong class=""tilde"">woraus</strong> das geschlossen werden konnte</span><br>• <span class=""example"">ich liebte das Buch, <strong class=""tilde"">woraus</strong> sie mir immer vorlas</span><br>• <span class=""example"">
                  <strong class=""tilde"">woraus</strong> sie das auch abgeschrieben hat, es ist gut</span><br>• <span class=""example"">das Material, <strong class=""tilde"">woraus</strong> die Socken bestehen, kratzt</span><br>• <span class=""example"">und <strong class=""tilde"">woraus</strong> schließen Sie das?</span></span>"	out of where/what?<br><br> <span style='font-size:75%'>Automated translations:<br>• out of what<br>• where did you get that from?<br>• from which<br>• I loved the book she always read out of<br>• whatever this shell is made of it&#39;s very robust<br>• the material the socks are made of is itchy<br>• wherever she copied this from it&#39;s good<br>• what are rubies made out of?<br>• and from what do you deduce that?<br>• what ... out of<br>• there were certain signs from which this could be deduced<br>• out of which</span>
"<strong>verbrauchen</strong> <br><br> <span style='font-size:75%'>verbrauchen (transitive verb) <br>• <span class=""full_collocation"">Vorräte <strong class=""tilde"">verbrauchen
</strong>               </span><br>• <span class=""full_collocation"">Lebensmittel <strong class=""tilde"">verbrauchen
</strong>               </span><br>• <span class=""grammatical_construction""><acronym title=""etwas"">etw</acronym> <strong class=""tilde"">verbrauchen
</strong>               </span></span>"	"to consume<br><br> <span style='font-size:75%'>Automated translations:<br>• to spend <acronym title=""something"">sth</acronym><br>• to use up [one&#39;s] provisions<br>• to use up <acronym title=""something"">sth</acronym> <span class=""info""><acronym title=""separable"">sep</acronym></span><br>• to consume <acronym title=""something"">sth</acronym><br>• to eat  <span class=""target"">[<span class=""or""><acronym title=""or"">or</acronym></span> consume]</span>  food <span class=""target"">[<span class=""or""><acronym title=""or"">or</acronym></span> 
                  <span class=""region""><acronym title=""British English"" class=""Brit"">Brit</acronym></span> foodstuffs]</span></span>"
"<strong>gleichzeitig</strong> <br><br> <span style='font-size:75%'>gleichzeitig (adjective and adverb) <br>• <strong class=""headword"">gleichzeitig</strong></span>"	simultaneously<br><br> <span style='font-size:75%'>Automated translations:<br>• simultaneous<br>• concurrent</span>
"<strong>kiffen</strong> <br><br> <span style='font-size:75%'>kiffen (intransitive verb) <br>• <strong class=""headword"">kiffen</strong></span>"	"to smoke weed<br><br> <span style='font-size:75%'>Automated translations:<br>• to smoke pot <span class=""style""><acronym title=""informal"">inf</acronym></span> <span class=""target"">[<span class=""or""><acronym title=""or"">or</acronym></span> 
               <span class=""style""><acronym title=""informal"">inf</acronym></span> dope]</span> <span class=""target"">[<span class=""or""><acronym title=""or"">or</acronym></span> 
               <span class=""style""><acronym title=""slang"">sl</acronym></span> grass]</span></span>"
Hanfplanze	hemp
"<strong>Mülltonne, e</strong> <br><br> <span style='font-size:75%'>Mülltonne (noun) <br>• <strong class=""headword"">Mülltonne</strong></span>"	"large trash can<br><br> <span style='font-size:75%'>Automated translations:<br>• garbage can <span class=""region""><acronym title=""American English"" class=""Am"">Am</acronym></span><br>• dustbin <span class=""region""><acronym title=""British English"" class=""Brit"">Brit</acronym></span></span>"
"<strong>Kaffeesatz</strong> <br><br> <span style='font-size:75%'>Kaffeesatz (noun) <br>• <span class=""full_collocation"">aus dem <strong class=""tilde"">Kaffeesatz</strong> wahrsagen</span><br>• <strong class=""headword"">Kaffeesatz</strong></span>"	"coffee grounds<br><br> <span style='font-size:75%'>Automated translations:<br>• to read the coffee grounds<br>• coffee grounds <span class=""info""><acronym title=""plural noun"">npl</acronym></span></span>"
"<strong>entstehen, durch, Akk,</strong> <br><br> <span style='font-size:75%'>entstehen (intransitive verb) <br>• <span class=""grammatical_construction"">[aus <acronym title=""etwas"">etw</acronym> <span class=""case""><acronym title=""dative"">dat</acronym></span>/durch <acronym title=""etwas"">etw</acronym> <span class=""case""><acronym title=""accusative"">acc</acronym></span>] <strong class=""tilde"">entstehen
					</strong>       </span><br>• <span class=""example"">aus diesem kleinen Pflänzchen wird ein großer Baum <strong class=""tilde"">entstehen
						</strong>         </span><br>• <span class=""example"">das Haus war in nur 8 Monaten entstanden</span><br>• <span class=""example"">
							           <strong class=""tilde"">entstehen</strong> mir irgendwelche Verpflichtungen?</span><br>• <span class=""example"">beträchtliche Unruhe entstand unter der Bevölkerung</span><br>• <span class=""full_collocation"">im <strong class=""tilde"">Entstehen</strong> begriffen sein</span> <span class=""style""><acronym title=""formal language"">form</acronym></span></span>"	"to originate from<br><br> <span style='font-size:75%'>Automated translations:<br>• to come into being [from <acronym title=""something"">sth</acronym>]<br>• to be created [from <acronym title=""something"">sth</acronym>]<br>• to be in the process of development <span class=""target"">[<span class=""or""><acronym title=""or"">or</acronym></span> emerging]</span><br>• a great tree will grow from this sapling<br>• the house was built in only eight months<br>• am I committing myself to anything?<br>• to be produced [from/through/via <acronym title=""something"">sth</acronym>]<br>• considerable unrest arose amongst the people<br>• to arise  <span class=""target"">[<span class=""or""><acronym title=""or"">or</acronym></span> result]</span>  [from <acronym title=""something"">sth</acronym>]</span>"
"<strong>Geschirr</strong> <br><br> <span style='font-size:75%'>Geschirr (noun) <br>• <span class=""full_collocation"">das benutzte <strong class=""tilde"">Geschirr
</strong>            </span><br>• <span class=""example"">feuerfestes <strong class=""tilde"">Geschirr
</strong>            </span><br>• <strong class=""headword"">Geschirr</strong><br>• <span class=""grammatical_construction"">einem Tier <strong class=""tilde"">Geschirr</strong> anlegen</span><br>• <span class=""full_collocation"">das gute <strong class=""tilde"">Geschirr
</strong>            </span></span>"	"dishes (more general than Gerichte)<br><br> <span style='font-size:75%'>Automated translations:<br>• [tea/dinner] service<br>• the best china<br>• to harness an animal<br>• to put the harness on an animal<br>• the dirty crockery <span class=""target"">[<span class=""or""><acronym title=""or"">or</acronym></span> dishes]</span><br>• crockery <span class=""info"">no <acronym title=""plural"">pl</acronym></span><br>• harness<br>• dishes <span class=""info""><acronym title=""plural"">pl</acronym></span><br>• ovenware</span>"
"<strong>giftigen</strong> <br><br> <span style='font-size:75%'>giftig (adjective and adverb) <br>• <strong class=""headword"">giftig</strong><br>• <span class=""full_collocation"">
                  <strong class=""tilde"">giftige</strong> Stoffe/Chemikalien</span></span>"	"poisonous<br><br> <span style='font-size:75%'>Automated translations:<br>• toxic  <span class=""target"">[<span class=""or""><acronym title=""or"">or</acronym></span> poisonous]</span>  substances/chemicals<br>• vitriolic<br>• garish<br>• venomous<br>• bilious <span class=""style""><acronym title=""literary"">liter</acronym></span><br>• loud <span class=""style""><acronym title=""informal"">inf</acronym></span><br>• poisonous</span>"
"<strong>vergiften</strong> <br><br> <span style='font-size:75%'>vergiften (transitive verb) <br>• <span class=""grammatical_construction"">sich <span class=""case""><acronym title=""accusative"">acc</acronym></span> 
                  <strong class=""tilde"">vergiften
</strong>               </span><br>• <span class=""full_collocation"">mit Kurare vergiftete Pfeile</span><br>• <span class=""grammatical_construction""><acronym title=""jemanden"">jdn</acronym>/ein Tier <strong class=""tilde"">vergiften
</strong>               </span><br>• <span class=""grammatical_construction"">[mit <acronym title=""etwas"">etw</acronym> <span class=""case""><acronym title=""dative"">dat</acronym></span>] vergiftet</span><br>• <span class=""grammatical_construction""><acronym title=""etwas"">etw</acronym> <strong class=""tilde"">vergiften
</strong>               </span></span>"	"to poison<br><br> <span style='font-size:75%'>Automated translations:<br>• to poison <acronym title=""something"">sth</acronym><br>• to poison <acronym title=""somebody"">sb</acronym>/an animal<br>• arrows poisoned with curare<br>• poisoned [with <acronym title=""something"">sth</acronym>]<br>• to poison oneself</span>"
"<strong>vermeiden</strong> <br><br> <span style='font-size:75%'>vermeiden (transitive verb) <br>• <span class=""grammatical_construction""><acronym title=""etwas"">etw</acronym> <strong class=""tilde"">vermeiden
</strong>               </span><br>• <span class=""full_collocation"">sich <span class=""case""><acronym title=""accusative"">acc</acronym></span> nicht/kaum <strong class=""tilde"">vermeiden</strong> lassen</span><br>• <span class=""full_collocation"">es lässt sich nicht/kaum <strong class=""tilde"">vermeiden</strong>, dass ...</span></span>"	"to avoid<br><br> <span style='font-size:75%'>Automated translations:<br>• to be inevitable  <span class=""target"">[<span class=""or""><acronym title=""or"">or</acronym></span> unavoidable]</span> /almost inevitable <span class=""target"">[<span class=""or""><acronym title=""or"">or</acronym></span> unavoidable]</span><br>• it is inevitable  <span class=""target"">[<span class=""or""><acronym title=""or"">or</acronym></span> unavoidable]</span> /almost inevitable  <span class=""target"">[<span class=""or""><acronym title=""or"">or</acronym></span> unavoidable]</span>  that ...<br>• to avoid <acronym title=""something"">sth</acronym></span>"
"<strong>leidtun</strong> <br><br> <span style='font-size:75%'>leidtun (intransitive verb) <br>• <span class=""full_collocation"">der kann einem <strong class=""tilde"">leidtun
</strong>               </span> <span class=""rhetoric""><acronym title=""ironic"">iron</acronym></span><br>• <span class=""grammatical_construction""><acronym title=""jemand"">jd</acronym> tut <acronym title=""jemandem"">jdm</acronym> leid</span><br>• <span class=""full_collocation""><acronym title=""etwas"">etw</acronym> wird <acronym title=""jemandem"">jdm</acronym> noch <strong class=""tilde"">leidtun
</strong>               </span><br>• <span class=""example"">es tut mir/uns leid, aber ...</span><br>• <span class=""grammatical_construction""><acronym title=""jemandem"">jdm</acronym> tut <acronym title=""etwas"">etw</acronym> leid</span><br>• <span class=""grammatical_construction"">es tut <acronym title=""jemandem"">jdm</acronym> leid, dass ...</span><br>• <span class=""grammatical_construction"">es tut <acronym title=""jemandem"">jdm</acronym> leid um <acronym title=""jemanden"">jdn</acronym>/ein Tier</span><br>• <span class=""full_collocation"">tut mir leid!</span></span>"	"to pity/to feel sorry for<br><br> <span style='font-size:75%'>Automated translations:<br>• I&#39;m/we&#39;re sorry, but ...<br>• <acronym title=""somebody"">sb</acronym> is sorry about <acronym title=""something"">sth</acronym><br>• you can&#39;t help feeling sorry for him<br>• <acronym title=""somebody"">sb</acronym> will be sorry <span class=""target"">[<span class=""or""><acronym title=""or"">or</acronym></span> regret <acronym title=""something"">sth</acronym>]</span><br>• <acronym title=""somebody"">sb</acronym> is sorry that ...<br>• <acronym title=""somebody"">sb</acronym> feels sorry for <acronym title=""somebody"">sb</acronym>/an animal<br>• <acronym title=""somebody"">sb</acronym> feels sorry for <acronym title=""somebody"">sb</acronym><br>• [I&#39;m] sorry!</span>"
wasserfest	waterproof
"<strong>wasserdicht</strong> <br><br> <span style='font-size:75%'>wasserdicht (adjective and adverb) <br>• <strong class=""headword"">wasserdicht</strong><br>• <span class=""full_collocation"">eine <strong class=""tilde"">wasserdichte</strong> Uhr</span><br>• <span class=""idiom_proverb""><acronym title=""etwas"">etw</acronym> <strong class=""tilde"">wasserdicht</strong> machen</span> <span class=""style""><acronym title=""slang"">sl</acronym></span><br>• <span class=""full_collocation"">ein <strong class=""tilde"">wasserdichtes</strong> Alibi</span></span>"	"water resistant<br><br> <span style='font-size:75%'>Automated translations:<br>• a watertight alibi<br>• to make <acronym title=""something"">sth</acronym> watertight<br>• watertight<br>• a water-resistant watch</span>"
